Rk,G,Date,Age,Tm,,Opp,,GS,MP,FG,FGA,FG%,3P,3PA,3P%,FT,FTA,FT%,ORB,DRB,TRB,AST,STL,BLK,TOV,PF,PTS,GmSc,+/-
1,1,2015-10-27,27-227,GSW,,NOP,W (+16),1,35:37,14,26,.538,5,12,.417,7,7,1.000,3,3,6,7,2,0,2,1,40,34.9,+12
2,2,2015-10-30,27-230,GSW,@,HOU,W (+20),1,27:24,9,15,.600,4,9,.444,3,4,.750,0,7,7,6,1,0,1,4,25,22.4,+12
3,3,2015-10-31,27-231,GSW,@,NOP,W (+14),1,35:38,17,27,.630,8,14,.571,11,11,1.000,0,4,4,9,4,0,2,3,53,49.2,+16
4,4,2015-11-02,27-233,GSW,,MEM,W (+50),1,28:24,10,16,.625,4,8,.500,6,6,1.000,1,2,3,3,3,1,3,2,30,26.1,+37
5,5,2015-11-04,27-235,GSW,,LAC,W (+4),1,32:38,8,17,.471,7,11,.636,8,9,.889,0,5,5,4,1,0,0,3,31,26.0,+7
6,6,2015-11-06,27-237,GSW,,DEN,W (+15),1,34:39,12,22,.545,8,16,.500,2,3,.667,0,7,7,10,3,1,4,1,34,31.4,+14
7,7,2015-11-07,27-238,GSW,@,SAC,W (+9),1,39:08,8,18,.444,2,10,.200,6,7,.857,1,5,6,3,2,0,6,1,24,14.1,+6
8,8,2015-11-09,27-240,GSW,,DET,W (+14),1,36:50,7,18,.389,3,7,.429,5,6,.833,1,4,5,5,3,0,5,1,22,14.8,+12
9,9,2015-11-11,27-242,GSW,@,MEM,W (+16),1,34:30,9,21,.429,3,10,.300,7,7,1.000,0,5,5,5,5,1,4,1,28,23.2,+16
10,10,2015-11-12,27-243,GSW,@,MIN,W (+13),1,37:42,15,25,.600,8,13,.615,8,8,1.000,0,5,5,4,2,0,3,3,46,36.6,+21
11,11,2015-11-14,27-245,GSW,,BRK,W (+8),1,43:44,13,31,.419,5,16,.313,3,3,1.000,0,3,3,6,1,0,4,1,34,19.2,+3
12,12,2015-11-17,27-248,GSW,,TOR,W (+5),1,39:35,13,23,.565,5,10,.500,6,7,.857,0,2,2,9,2,0,7,1,37,27.2,+11
13,13,2015-11-19,27-250,GSW,@,LAC,W (+7),1,36:46,11,22,.500,6,14,.429,12,12,1.000,0,11,11,4,3,0,7,2,40,30.3,+12
14,14,2015-11-20,27-251,GSW,,CHI,W (+12),1,36:05,9,20,.450,3,11,.273,6,6,1.000,1,4,5,4,4,0,6,2,27,18.5,+11
15,15,2015-11-22,27-253,GSW,@,DEN,W (+13),1,27:37,8,16,.500,3,8,.375,0,0,,0,4,4,7,3,0,4,0,19,16.1,+11
16,16,2015-11-24,27-255,GSW,,LAL,W (+34),1,30:10,10,21,.476,4,12,.333,0,0,,0,4,4,9,2,0,0,1,24,22.4,+36
17,17,2015-11-27,27-258,GSW,@,PHO,W (+19),1,30:39,11,20,.550,9,16,.563,10,11,.909,1,5,6,8,2,0,6,2,41,34.0,+27
18,18,2015-11-28,27-259,GSW,,SAC,W (+19),1,29:48,4,7,.571,3,6,.500,8,8,1.000,0,4,4,6,3,0,1,1,19,22.7,+19
19,19,2015-11-30,27-261,GSW,@,UTA,W (+3),1,37:16,9,20,.450,4,8,.500,4,4,1.000,2,4,6,5,2,0,2,2,26,20.9,+12
20,20,2015-12-02,27-263,GSW,@,CHO,W (+17),1,30:49,14,18,.778,8,11,.727,4,4,1.000,0,3,3,5,0,0,5,2,40,31.6,+19
21,21,2015-12-05,27-266,GSW,@,TOR,W (+3),1,37:51,14,24,.583,9,15,.600,7,9,.778,1,1,2,7,0,0,3,4,44,33.3,+15
22,22,2015-12-06,27-267,GSW,@,BRK,W (+16),1,32:14,11,17,.647,5,9,.556,1,4,.250,0,5,5,2,1,0,4,2,28,18.4,+10
23,23,2015-12-08,27-269,GSW,@,IND,W (+8),1,35:39,11,23,.478,3,10,.300,4,6,.667,0,7,7,10,3,0,4,1,29,24.2,+18
24,24,2015-12-11,27-272,GSW,@,BOS,W (+5),1,46:55,9,27,.333,6,13,.462,14,14,1.000,3,8,11,8,2,0,8,4,38,25.2,+15
25,25,2015-12-12,27-273,GSW,@,MIL,L (-13),1,35:14,10,22,.455,2,9,.222,6,7,.857,2,5,7,5,1,0,2,2,28,20.8,0
26,26,2015-12-16,27-277,GSW,,PHO,W (+25),1,29:35,10,14,.714,2,5,.400,3,5,.600,0,2,2,7,1,0,3,4,25,20.3,+37
27,27,2015-12-18,27-279,GSW,,MIL,W (+9),1,39:20,7,14,.500,2,6,.333,10,11,.909,2,8,10,9,2,0,6,2,26,23.9,+13
28,28,2015-12-23,27-284,GSW,,UTA,W (+18),1,34:13,5,14,.357,2,8,.250,4,4,1.000,1,4,5,9,3,0,3,2,16,15.6,+21
29,29,2015-12-25,27-286,GSW,,CLE,W (+6),1,36:35,6,15,.400,1,4,.250,6,6,1.000,1,6,7,7,2,0,3,3,19,16.1,+15
30,30,2015-12-28,27-289,GSW,,SAC,W (+19),1,30:22,7,16,.438,6,13,.462,3,4,.750,0,14,14,10,2,0,2,3,23,24.2,+24
31,,2015-12-30,27-291,GSW,@,DAL,L (-23),Did Not Play,Did Not Play,Did Not Play,Did Not Play,Did Not Play,Did Not Play,Did Not Play,Did Not Play,Did Not Play,Did Not Play,Did Not Play,Did Not Play,Did Not Play,Did Not Play,Did Not Play,Did Not Play,Did Not Play,Did Not Play,Did Not Play,Did Not Play,Did Not Play,Did Not Play
32,,2015-12-31,27-292,GSW,@,HOU,W (+4),Did Not Play,Did Not Play,Did Not Play,Did Not Play,Did Not Play,Did Not Play,Did Not Play,Did Not Play,Did Not Play,Did Not Play,Did Not Play,Did Not Play,Did Not Play,Did Not Play,Did Not Play,Did Not Play,Did Not Play,Did Not Play,Did Not Play,Did Not Play,Did Not Play,Did Not Play
33,31,2016-01-02,27-294,GSW,,DEN,W (+3),1,14:23,2,6,.333,1,5,.200,0,0,,0,1,1,4,2,0,2,1,5,4.3,+12
34,32,2016-01-04,27-296,GSW,,CHO,W (+10),1,31:51,12,21,.571,5,10,.500,1,1,1.000,0,3,3,4,2,0,2,4,30,22.2,+1
35,33,2016-01-05,27-297,GSW,@,LAL,W (+21),1,26:08,6,13,.462,4,8,.500,1,1,1.000,1,0,1,6,3,0,3,2,17,14.4,+28
36,34,2016-01-08,27-300,GSW,@,POR,W (+20),1,28:50,8,18,.444,4,11,.364,6,6,1.000,0,3,3,9,1,0,1,2,26,23.0,+22
37,35,2016-01-09,27-301,GSW,@,SAC,W (+12),1,37:54,12,21,.571,8,14,.571,6,7,.857,1,5,6,11,1,1,4,3,38,34.1,+16
38,36,2016-01-11,27-303,GSW,,MIA,W (+8),1,37:34,11,27,.407,4,11,.364,5,6,.833,0,2,2,6,1,0,1,2,31,20.1,-3
39,37,2016-01-13,27-305,GSW,@,DEN,L (-2),1,39:48,13,25,.520,5,12,.417,7,7,1.000,2,3,5,9,3,1,8,1,38,29.6,-4
40,38,2016-01-14,27-306,GSW,,LAL,W (+18),1,29:31,9,18,.500,8,16,.500,0,0,,2,4,6,3,1,0,3,3,26,18.5,+14
41,39,2016-01-16,27-308,GSW,@,DET,L (-18),1,36:55,13,26,.500,7,15,.467,5,6,.833,1,6,7,5,2,0,2,1,38,30.2,+2
42,40,2016-01-18,27-310,GSW,@,CLE,W (+34),1,28:03,12,18,.667,7,12,.583,4,4,1.000,2,3,5,4,3,0,1,3,35,33.1,+34
43,41,2016-01-20,27-312,GSW,@,CHI,W (+31),1,33:45,8,18,.444,3,9,.333,6,6,1.000,1,6,7,11,2,1,2,2,25,25.7,+36
44,42,2016-01-22,27-314,GSW,,IND,W (+12),1,36:49,11,19,.579,8,15,.533,9,9,1.000,2,8,10,12,1,0,2,1,39,40.9,+22
45,43,2016-01-25,27-317,GSW,,SAS,W (+30),1,28:21,12,20,.600,6,9,.667,7,7,1.000,1,1,2,3,5,0,1,0,37,34.9,+23
46,44,2016-01-27,27-319,GSW,,DAL,W (+20),1,31:48,4,11,.364,3,7,.429,3,3,1.000,1,1,2,9,3,1,0,2,14,18.1,+26
47,45,2016-01-30,27-322,GSW,@,PHI,W (+3),1,34:12,9,19,.474,5,11,.455,0,0,,2,3,5,6,1,2,8,3,23,13.0,+8
48,46,2016-01-31,27-323,GSW,@,NYK,W (+21),1,31:59,5,17,.294,3,11,.273,0,0,,0,4,4,4,3,0,3,1,13,6.7,+10
49,47,2016-02-03,27-326,GSW,@,WAS,W (+13),1,35:41,19,28,.679,11,15,.733,2,3,.667,1,6,7,2,3,0,7,3,51,37.3,+20
50,48,2016-02-06,27-329,GSW,,OKC,W (+8),1,37:42,10,26,.385,1,9,.111,5,5,1.000,1,5,6,10,3,0,3,2,26,20.2,+3
51,49,2016-02-09,27-332,GSW,,HOU,W (+13),1,37:41,12,24,.500,7,16,.438,4,4,1.000,1,4,5,9,1,0,1,2,35,30.4,+3
52,50,2016-02-10,27-333,GSW,@,PHO,W (+8),1,30:06,9,17,.529,5,10,.500,3,4,.750,5,4,9,9,1,1,2,1,26,27.6,+12
53,51,2016-02-19,27-342,GSW,@,POR,L (-32),1,26:18,12,23,.522,7,13,.538,0,0,,2,1,3,5,2,0,3,4,31,22.3,-18
54,52,2016-02-20,27-343,GSW,@,LAC,W (+3),1,35:30,5,15,.333,3,8,.375,10,12,.833,0,3,3,9,3,0,3,2,23,20.1,+4
55,53,2016-02-22,27-345,GSW,@,ATL,W (+10),1,35:48,14,22,.636,5,11,.455,3,3,1.000,1,5,6,8,3,0,2,2,36,34.2,+13
56,54,2016-02-24,27-347,GSW,@,MIA,W (+6),1,35:35,14,29,.483,6,12,.500,8,8,1.000,3,4,7,7,1,1,7,0,42,30.2,+7
57,55,2016-02-25,27-348,GSW,@,ORL,W (+16),1,34:02,20,27,.741,10,15,.667,1,1,1.000,0,7,7,8,0,1,5,1,51,43.1,+11
58,56,2016-02-27,27-350,GSW,@,OKC,W (+3),1,37:41,14,24,.583,12,16,.750,6,8,.750,0,3,3,6,2,0,3,1,46,37.7,+6
59,,2016-03-01,27-353,GSW,,ATL,W (+4),Did Not Play,Did Not Play,Did Not Play,Did Not Play,Did Not Play,Did Not Play,Did Not Play,Did Not Play,Did Not Play,Did Not Play,Did Not Play,Did Not Play,Did Not Play,Did Not Play,Did Not Play,Did Not Play,Did Not Play,Did Not Play,Did Not Play,Did Not Play,Did Not Play,Did Not Play
60,57,2016-03-03,27-355,GSW,,OKC,W (+15),1,37:11,12,25,.480,5,15,.333,4,5,.800,1,3,4,4,1,1,1,2,33,24.2,+6
61,58,2016-03-06,27-358,GSW,@,LAL,L (-17),1,34:17,6,20,.300,1,10,.100,5,5,1.000,1,5,6,4,1,0,4,2,18,7.6,-8
62,59,2016-03-07,27-359,GSW,,ORL,W (+6),1,37:20,14,24,.583,7,13,.538,6,6,1.000,1,12,13,3,4,0,5,3,41,34.0,+21
63,60,2016-03-09,27-361,GSW,,UTA,W (+21),1,31:31,4,12,.333,3,9,.333,1,2,.500,0,3,3,10,3,0,3,2,12,11.9,+12
64,61,2016-03-11,27-363,GSW,,POR,W (+16),1,29:26,13,23,.565,7,14,.500,1,2,.500,0,3,3,4,2,0,3,2,34,24.6,+14
65,62,2016-03-12,27-364,GSW,,PHO,W (+7),1,34:59,12,24,.500,7,16,.438,4,4,1.000,1,2,3,6,0,0,1,4,35,25.9,+19
66,63,2016-03-14,28-000,GSW,,NOP,W (+18),1,31:18,10,16,.625,4,9,.444,3,4,.750,1,4,5,5,2,0,1,1,27,25.4,+27
67,64,2016-03-16,28-002,GSW,,NYK,W (+36),1,28:21,12,20,.600,8,13,.615,2,2,1.000,0,6,6,4,0,0,2,2,34,26.6,+31
68,65,2016-03-18,28-004,GSW,@,DAL,W (+18),1,34:19,12,26,.462,6,12,.500,1,1,1.000,1,8,9,10,2,0,1,2,31,27.9,+8
69,66,2016-03-19,28-005,GSW,@,SAS,L (-8),1,37:36,4,18,.222,1,12,.083,5,5,1.000,2,4,6,6,2,0,2,0,14,9.8,-10
70,67,2016-03-21,28-007,GSW,@,MIN,W (+5),1,34:50,6,17,.353,2,9,.222,5,6,.833,3,4,7,11,3,1,5,4,19,17.2,0
71,68,2016-03-23,28-009,GSW,,LAC,W (+16),1,37:26,12,23,.522,4,10,.400,5,6,.833,0,4,4,5,3,0,1,3,33,26.8,+4
72,69,2016-03-25,28-011,GSW,,DAL,W (+8),1,35:11,9,18,.500,5,12,.417,10,11,.909,0,8,8,8,4,0,3,0,33,32.6,+15
73,70,2016-03-27,28-013,GSW,,PHI,W (+12),1,33:12,7,16,.438,2,9,.222,4,5,.800,0,3,3,8,4,0,4,0,20,17.7,+4
74,71,2016-03-29,28-015,GSW,,WAS,W (+8),1,34:42,9,20,.450,6,8,.750,2,2,1.000,0,7,7,7,5,0,5,3,26,21.4,+15
75,72,2016-03-30,28-016,GSW,@,UTA,W (+7),1,42:16,11,23,.478,5,10,.500,4,5,.800,2,5,7,4,2,0,5,4,31,20.0,+6
76,73,2016-04-01,28-018,GSW,,BOS,L (-3),1,36:37,9,19,.474,8,14,.571,3,3,1.000,0,5,5,6,1,0,9,2,29,16.2,-1
77,74,2016-04-03,28-020,GSW,,POR,W (+25),1,34:35,13,21,.619,9,13,.692,4,4,1.000,2,4,6,7,2,1,4,2,39,34.9,+16
78,75,2016-04-05,28-022,GSW,,MIN,L (-7),1,42:35,7,25,.280,4,14,.286,3,3,1.000,2,4,6,15,3,0,3,4,21,17.8,+3
79,76,2016-04-07,28-024,GSW,,SAS,W (+11),1,36:17,11,19,.579,3,7,.429,2,2,1.000,0,5,5,9,2,0,3,2,27,24.1,+14
80,77,2016-04-09,28-026,GSW,@,MEM,W (+1),1,33:59,7,22,.318,3,14,.214,0,0,,0,9,9,8,1,0,2,1,17,11.3,+10
81,78,2016-04-10,28-027,GSW,@,SAS,W (+6),1,35:22,13,22,.591,4,9,.444,7,7,1.000,0,5,5,5,2,0,4,4,37,28.2,+7
82,79,2016-04-13,28-030,GSW,,MEM,W (+21),1,29:46,15,24,.625,10,19,.526,6,6,1.000,1,3,4,6,2,0,2,2,46,40.2,+19
83,1,2016-04-16,28-033,GSW,,HOU,W (+26),1,19:49,8,13,.615,5,7,.714,3,3,1.000,1,6,7,2,3,0,4,0,24,21.0,+28
84,,2016-04-18,28-035,GSW,,HOU,W (+9),Inactive,Inactive,Inactive,Inactive,Inactive,Inactive,Inactive,Inactive,Inactive,Inactive,Inactive,Inactive,Inactive,Inactive,Inactive,Inactive,Inactive,Inactive,Inactive,Inactive,Inactive,Inactive
85,,2016-04-21,28-038,GSW,@,HOU,L (-1),Inactive,Inactive,Inactive,Inactive,Inactive,Inactive,Inactive,Inactive,Inactive,Inactive,Inactive,Inactive,Inactive,Inactive,Inactive,Inactive,Inactive,Inactive,Inactive,Inactive,Inactive,Inactive
86,2,2016-04-24,28-041,GSW,@,HOU,W (+27),1,18:35,2,9,.222,1,7,.143,1,1,1.000,0,0,0,5,1,0,5,0,6,0.0,0
87,,2016-04-27,28-044,GSW,,HOU,W (+33),Inactive,Inactive,Inactive,Inactive,Inactive,Inactive,Inactive,Inactive,Inactive,Inactive,Inactive,Inactive,Inactive,Inactive,Inactive,Inactive,Inactive,Inactive,Inactive,Inactive,Inactive,Inactive
88,,2016-05-01,28-048,GSW,,POR,W (+12),Inactive,Inactive,Inactive,Inactive,Inactive,Inactive,Inactive,Inactive,Inactive,Inactive,Inactive,Inactive,Inactive,Inactive,Inactive,Inactive,Inactive,Inactive,Inactive,Inactive,Inactive,Inactive
89,,2016-05-03,28-050,GSW,,POR,W (+11),Inactive,Inactive,Inactive,Inactive,Inactive,Inactive,Inactive,Inactive,Inactive,Inactive,Inactive,Inactive,Inactive,Inactive,Inactive,Inactive,Inactive,Inactive,Inactive,Inactive,Inactive,Inactive
90,,2016-05-07,28-054,GSW,@,POR,L (-12),Inactive,Inactive,Inactive,Inactive,Inactive,Inactive,Inactive,Inactive,Inactive,Inactive,Inactive,Inactive,Inactive,Inactive,Inactive,Inactive,Inactive,Inactive,Inactive,Inactive,Inactive,Inactive
91,3,2016-05-09,28-056,GSW,@,POR,W (+7),0,36:34,16,32,.500,5,16,.313,3,3,1.000,1,8,9,8,0,0,4,2,40,27.9,+21
92,4,2016-05-11,28-058,GSW,,POR,W (+4),1,36:30,10,20,.500,5,11,.455,4,4,1.000,0,5,5,11,1,0,4,2,29,24.4,+10
93,5,2016-05-16,28-063,GSW,,OKC,L (-6),1,39:40,9,22,.409,6,14,.429,2,2,1.000,1,9,10,7,3,0,7,3,26,17.3,-6
94,6,2016-05-18,28-065,GSW,,OKC,W (+27),1,29:40,9,15,.600,5,8,.625,5,5,1.000,0,2,2,3,1,0,3,0,28,21.8,+24
95,7,2016-05-22,28-069,GSW,@,OKC,L (-28),1,29:44,7,17,.412,3,11,.273,7,8,.875,0,5,5,3,2,0,1,1,24,18.7,-39
96,8,2016-05-24,28-071,GSW,@,OKC,L (-24),1,39:00,6,20,.300,2,10,.200,5,7,.714,0,5,5,5,2,0,6,2,19,6.8,-19
97,9,2016-05-26,28-073,GSW,,OKC,W (+9),1,37:27,9,20,.450,3,8,.375,10,10,1.000,0,7,7,6,5,0,5,0,31,26.9,+6
98,10,2016-05-28,28-075,GSW,@,OKC,W (+7),1,41:01,9,22,.409,6,14,.429,7,9,.778,2,8,10,9,2,0,3,3,31,26.3,+12
99,11,2016-05-30,28-077,GSW,,OKC,W (+8),1,40:24,13,24,.542,7,12,.583,3,3,1.000,1,4,5,8,0,0,3,1,36,28.5,+18
100,12,2016-06-02,28-080,GSW,,CLE,W (+15),1,35:54,4,15,.267,3,8,.375,0,0,,1,4,5,6,0,0,5,2,11,2.4,-1
101,13,2016-06-05,28-083,GSW,,CLE,W (+33),1,24:43,7,11,.636,4,8,.500,0,0,,1,8,9,4,0,1,4,4,18,14.1,+25
102,14,2016-06-08,28-086,GSW,@,CLE,L (-30),1,30:59,6,13,.462,3,9,.333,4,4,1.000,1,0,1,3,2,0,6,4,19,9.5,-22
103,15,2016-06-10,28-088,GSW,@,CLE,W (+11),1,39:39,11,25,.440,7,13,.538,9,10,.900,3,2,5,6,2,0,3,3,38,29.2,+10
104,16,2016-06-13,28-091,GSW,,CLE,L (-15),1,40:07,8,21,.381,5,15,.333,4,4,1.000,2,5,7,4,0,3,4,2,25,16.5,-6
105,17,2016-06-16,28-094,GSW,@,CLE,L (-14),1,35:14,8,20,.400,6,13,.462,8,9,.889,0,2,2,1,1,0,4,6,30,14.7,-10
106,18,2016-06-19,28-097,GSW,,CLE,L (-4),1,39:16,6,19,.316,4,14,.286,1,1,1.000,0,5,5,2,1,1,4,4,17,5.1,-3
1,1,2016-10-25,28-225,GSW,,SAS,L (-29),1,34:06,9,18,.500,3,10,.300,5,6,.833,0,3,3,4,0,0,4,1,26,15.9,-9
2,2,2016-10-28,28-228,GSW,@,NOP,W (+8),1,34:04,8,19,.421,4,10,.400,3,4,.750,1,0,1,8,1,0,4,3,23,14.6,+4
3,3,2016-10-30,28-230,GSW,@,PHO,W (+6),1,34:13,9,17,.529,5,8,.625,5,5,1.000,0,1,1,3,0,0,1,5,28,19.1,+2
4,4,2016-11-01,28-232,GSW,@,POR,W (+23),1,29:30,10,21,.476,5,10,.500,3,4,.750,1,3,4,3,1,0,4,3,28,16.4,+24
5,5,2016-11-03,28-234,GSW,,OKC,W (+26),1,30:03,6,14,.429,2,6,.333,7,8,.875,0,1,1,7,2,1,1,1,21,19.7,+17
6,6,2016-11-04,28-235,GSW,@,LAL,L (-20),1,31:06,5,17,.294,0,10,.000,3,3,1.000,0,8,8,10,2,1,2,3,13,12.0,-5
7,7,2016-11-07,28-238,GSW,,NOP,W (+10),1,35:39,16,26,.615,13,17,.765,1,2,.500,3,2,5,5,2,0,4,2,46,37.2,+9
8,8,2016-11-09,28-240,GSW,,DAL,W (+21),1,30:50,8,12,.667,4,8,.500,4,4,1.000,0,3,3,6,1,0,5,1,24,19.5,+16
9,9,2016-11-10,28-241,GSW,@,DEN,W (+24),1,29:56,10,17,.588,7,13,.538,6,6,1.000,1,4,5,6,1,0,4,1,33,27.8,+27
10,10,2016-11-13,28-244,GSW,,PHO,W (+13),1,36:46,9,17,.529,5,9,.556,7,7,1.000,0,6,6,6,2,0,3,2,30,25.9,+22
11,11,2016-11-16,28-247,GSW,@,TOR,W (+6),1,37:22,10,19,.526,3,9,.333,12,13,.923,2,1,3,7,1,0,3,3,35,28.7,+5
12,12,2016-11-18,28-249,GSW,@,BOS,W (+16),1,36:18,7,20,.350,2,10,.200,0,0,,0,3,3,8,4,1,2,4,16,12.4,+19
13,13,2016-11-19,28-250,GSW,@,MIL,W (+3),1,34:41,7,21,.333,1,11,.091,5,5,1.000,0,5,5,5,1,0,3,4,20,9.5,+1
14,14,2016-11-21,28-252,GSW,@,IND,W (+37),1,29:30,6,11,.545,2,6,.333,8,8,1.000,2,4,6,6,1,0,1,1,22,23.1,+34
15,15,2016-11-23,28-254,GSW,,LAL,W (+43),1,28:45,11,18,.611,7,12,.583,2,2,1.000,0,5,5,9,1,0,1,1,31,30.2,+32
16,16,2016-11-25,28-256,GSW,@,LAL,W (+24),1,35:36,8,17,.471,4,10,.400,4,4,1.000,2,3,5,5,3,0,3,1,24,20.7,+14
17,17,2016-11-26,28-257,GSW,,MIN,W (+13),1,37:10,13,19,.684,4,8,.500,4,4,1.000,1,7,8,6,1,0,6,4,34,26.3,+16
18,18,2016-11-28,28-259,GSW,,ATL,W (+5),1,38:14,6,17,.353,4,11,.364,9,11,.818,0,3,3,3,2,0,3,2,25,15.9,+6
19,19,2016-12-01,28-262,GSW,,HOU,L (-5),1,38:23,9,22,.409,4,13,.308,6,6,1.000,1,2,3,5,3,1,5,6,28,17.3,+10
20,20,2016-12-03,28-264,GSW,,PHO,W (+29),1,29:50,10,15,.667,5,7,.714,6,6,1.000,0,2,2,1,1,0,3,2,31,23.0,+15
21,21,2016-12-05,28-266,GSW,,IND,W (+36),1,29:09,4,10,.400,2,7,.286,3,4,.750,0,4,4,11,2,1,0,4,13,17.2,+24
22,22,2016-12-07,28-268,GSW,@,LAC,W (+17),1,33:17,7,16,.438,0,8,.000,5,5,1.000,0,4,4,6,7,0,3,3,19,18.8,+18
23,23,2016-12-08,28-269,GSW,@,UTA,W (+7),1,35:34,7,16,.438,3,9,.333,9,9,1.000,0,5,5,2,2,0,3,2,26,18.7,+10
24,24,2016-12-10,28-271,GSW,@,MEM,L (-21),1,30:35,4,14,.286,3,11,.273,6,6,1.000,2,6,8,3,0,0,4,3,17,8.9,-24
25,25,2016-12-11,28-272,GSW,@,MIN,W (+8),1,31:35,6,13,.462,2,5,.400,8,8,1.000,1,3,4,9,1,0,0,3,22,23.0,-6
26,26,2016-12-13,28-274,GSW,@,NOP,W (+4),1,34:07,11,23,.478,5,9,.556,3,4,.750,2,2,4,7,1,0,2,2,30,23.0,+4
27,27,2016-12-15,28-276,GSW,,NYK,W (+13),1,33:49,3,14,.214,2,8,.250,0,0,,1,9,10,8,1,0,3,0,8,6.4,+20
28,28,2016-12-17,28-278,GSW,,POR,W (+45),1,27:14,6,11,.545,5,8,.625,2,2,1.000,0,3,3,6,0,0,3,3,19,14.6,+21
29,29,2016-12-20,28-281,GSW,,UTA,W (+30),1,30:13,8,18,.444,4,9,.444,5,5,1.000,0,3,3,4,3,0,0,0,25,22.3,+27
30,30,2016-12-22,28-283,GSW,@,BRK,W (+16),1,32:58,6,19,.316,3,13,.231,0,0,,0,2,2,7,5,0,2,5,15,10.6,+25
31,31,2016-12-23,28-284,GSW,@,DET,W (+6),1,35:00,7,16,.438,5,10,.500,6,6,1.000,0,3,3,8,2,0,5,1,25,19.7,+6
32,32,2016-12-25,28-286,GSW,@,CLE,L (-1),1,37:20,4,11,.364,2,7,.286,5,6,.833,0,3,3,3,3,0,3,4,15,9.9,-1
33,33,2016-12-28,28-289,GSW,,TOR,W (+10),1,36:19,9,18,.500,3,6,.500,7,7,1.000,1,6,7,7,0,0,2,3,28,23.2,+27
34,34,2016-12-30,28-291,GSW,,DAL,W (+9),1,30:08,5,12,.417,3,6,.500,1,1,1.000,0,4,4,5,1,0,1,2,14,11.5,+14
35,35,2017-01-02,28-294,GSW,,DEN,W (+8),1,35:03,8,18,.444,3,9,.333,3,3,1.000,0,3,3,5,0,0,3,2,22,13.2,+7
36,36,2017-01-04,28-296,GSW,,POR,W (+8),1,35:54,12,25,.480,5,13,.385,6,8,.750,1,6,7,5,1,0,5,1,35,23.1,+6
37,37,2017-01-06,28-298,GSW,,MEM,L (-9),1,42:13,15,27,.556,5,13,.385,5,5,1.000,0,3,3,6,1,1,4,2,40,29.1,-10
38,38,2017-01-08,28-300,GSW,@,SAC,W (+11),1,37:06,11,22,.500,5,11,.455,3,3,1.000,2,2,4,6,2,0,4,3,30,22.0,+14
39,39,2017-01-10,28-302,GSW,,MIA,W (+12),1,35:43,8,21,.381,4,11,.364,4,5,.800,1,7,8,9,1,1,3,0,24,19.9,+18
40,40,2017-01-12,28-304,GSW,,DET,W (+20),1,29:51,9,17,.529,3,9,.333,3,3,1.000,0,2,2,7,5,0,8,0,24,18.2,+32
41,41,2017-01-16,28-308,GSW,,CLE,W (+35),1,30:55,7,20,.350,5,12,.417,1,2,.500,0,2,2,11,4,0,3,2,20,16.9,+23
42,42,2017-01-18,28-310,GSW,,OKC,W (+21),1,34:11,9,19,.474,2,6,.333,4,4,1.000,0,4,4,8,3,0,3,0,24,21.1,+19
43,43,2017-01-20,28-312,GSW,@,HOU,W (+17),1,32:57,8,18,.444,5,11,.455,3,5,.600,0,1,1,7,1,0,1,1,24,18.6,+15
44,44,2017-01-22,28-314,GSW,@,ORL,W (+20),1,29:33,8,15,.533,7,13,.538,4,4,1.000,1,3,4,6,0,0,3,2,27,21.7,+32
45,45,2017-01-23,28-315,GSW,@,MIA,L (-3),1,36:31,7,19,.368,3,9,.333,4,5,.800,0,9,9,8,0,1,4,2,21,14.3,+1
46,46,2017-01-25,28-317,GSW,@,CHO,W (+10),1,36:16,11,23,.478,6,12,.500,0,0,,0,2,2,7,1,1,4,2,28,18.7,0
47,47,2017-01-28,28-320,GSW,,LAC,W (+46),1,28:57,15,23,.652,9,15,.600,4,4,1.000,0,9,9,6,0,0,2,1,43,37.4,+42
48,,2017-01-29,28-321,GSW,@,POR,W (+2),Inactive,Inactive,Inactive,Inactive,Inactive,Inactive,Inactive,Inactive,Inactive,Inactive,Inactive,Inactive,Inactive,Inactive,Inactive,Inactive,Inactive,Inactive,Inactive,Inactive,Inactive,Inactive
49,48,2017-02-01,28-324,GSW,,CHO,W (+15),1,30:16,14,20,.700,11,15,.733,0,0,,1,4,5,8,3,0,1,2,39,39.3,+25
50,49,2017-02-02,28-325,GSW,@,LAC,W (+13),1,37:26,11,23,.478,3,10,.300,4,4,1.000,1,2,3,11,3,0,4,1,29,24.9,+13
51,50,2017-02-04,28-327,GSW,@,SAC,L (-3),1,41:45,11,20,.550,8,14,.571,5,6,.833,0,4,4,9,3,0,3,2,35,31.7,+4
52,51,2017-02-08,28-331,GSW,,CHI,W (+31),1,28:12,5,11,.455,1,4,.250,2,2,1.000,0,1,1,6,1,0,2,4,13,9.2,+20
53,52,2017-02-10,28-333,GSW,@,MEM,W (+15),1,34:51,6,13,.462,2,6,.333,4,5,.800,0,4,4,5,0,0,3,3,18,11.4,+15
54,53,2017-02-11,28-334,GSW,@,OKC,W (+16),1,33:54,9,19,.474,4,11,.364,4,4,1.000,3,5,8,9,2,0,0,2,26,27.4,+16
55,54,2017-02-13,28-336,GSW,@,DEN,L (-22),1,26:42,4,18,.222,1,11,.091,2,2,1.000,1,1,2,5,1,0,1,1,11,4.1,-24
56,55,2017-02-15,28-338,GSW,,SAC,W (+23),1,30:03,4,14,.286,2,8,.250,3,4,.750,0,6,6,9,0,2,3,2,13,10.1,+23
57,56,2017-02-23,28-346,GSW,,LAC,W (+10),1,32:11,10,16,.625,6,10,.600,9,10,.900,1,6,7,5,4,0,4,5,35,31.4,+26
58,57,2017-02-25,28-348,GSW,,BRK,W (+17),1,34:55,9,21,.429,5,10,.500,4,4,1.000,1,4,5,5,3,0,4,2,27,19.5,+17
59,58,2017-02-27,28-350,GSW,@,PHI,W (+11),1,34:48,7,23,.304,0,11,.000,5,5,1.000,2,2,4,6,2,0,4,2,19,9.1,+8
60,59,2017-02-28,28-351,GSW,@,WAS,L (-4),1,34:14,9,20,.450,2,9,.222,5,6,.833,4,3,7,4,2,0,5,3,25,16.5,-5
61,60,2017-03-02,28-353,GSW,@,CHI,L (-7),1,35:28,10,27,.370,2,11,.182,1,1,1.000,1,5,6,5,5,0,4,4,23,13.2,-4
62,61,2017-03-05,28-356,GSW,@,NYK,W (+7),1,36:51,11,24,.458,5,13,.385,4,6,.667,2,6,8,6,2,0,2,2,31,24.4,+22
63,62,2017-03-06,28-357,GSW,@,ATL,W (+8),1,34:31,8,20,.400,6,15,.400,2,3,.667,1,3,4,9,0,0,2,4,24,17.1,+5
64,63,2017-03-08,28-359,GSW,,BOS,L (-13),1,35:08,8,16,.500,2,9,.222,5,5,1.000,3,2,5,6,0,1,4,4,23,17.0,-3
65,64,2017-03-10,28-361,GSW,@,MIN,L (-1),1,35:18,10,27,.370,1,8,.125,5,5,1.000,3,3,6,7,1,0,6,4,26,12.4,-5
66,,2017-03-11,28-362,GSW,@,SAS,L (-22),Did Not Dress,Did Not Dress,Did Not Dress,Did Not Dress,Did Not Dress,Did Not Dress,Did Not Dress,Did Not Dress,Did Not Dress,Did Not Dress,Did Not Dress,Did Not Dress,Did Not Dress,Did Not Dress,Did Not Dress,Did Not Dress,Did Not Dress,Did Not Dress,Did Not Dress,Did Not Dress,Did Not Dress,Did Not Dress
67,65,2017-03-14,29-000,GSW,,PHI,W (+2),1,37:25,8,23,.348,5,13,.385,8,8,1.000,2,4,6,5,3,0,5,3,29,19.0,+3
68,66,2017-03-16,29-002,GSW,,ORL,W (+30),1,28:07,8,15,.533,2,7,.286,7,7,1.000,0,1,1,9,3,0,2,1,25,24.9,+24
69,67,2017-03-18,29-004,GSW,,MIL,W (+25),1,30:17,9,13,.692,6,8,.750,4,4,1.000,0,4,4,4,1,1,3,3,28,24.0,+18
70,68,2017-03-20,29-006,GSW,@,OKC,W (+16),1,29:53,8,17,.471,7,12,.583,0,0,,0,4,4,6,0,0,5,3,23,13.5,+16
71,69,2017-03-21,29-007,GSW,@,DAL,W (+25),1,29:45,7,14,.500,3,9,.333,0,0,,1,4,5,9,2,0,0,1,17,19.8,+14
72,70,2017-03-24,29-010,GSW,,SAC,W (+14),1,33:14,9,18,.500,5,11,.455,4,4,1.000,1,6,7,12,6,0,3,0,27,31.9,+28
73,71,2017-03-26,29-012,GSW,,MEM,W (+12),1,36:19,8,18,.444,5,12,.417,0,0,,0,1,1,11,4,0,5,1,21,18.2,+8
74,72,2017-03-28,29-014,GSW,@,HOU,W (+7),1,33:25,11,22,.500,3,11,.273,7,10,.700,2,8,10,7,2,0,6,5,32,22.5,+9
75,73,2017-03-29,29-015,GSW,@,SAS,W (+12),1,35:08,9,20,.450,4,8,.500,7,7,1.000,1,3,4,11,1,0,2,5,29,24.9,+6
76,74,2017-03-31,29-017,GSW,,HOU,W (+9),1,34:46,8,18,.444,4,9,.444,4,5,.800,3,4,7,5,2,0,2,4,24,19.4,+14
77,75,2017-04-02,29-019,GSW,,WAS,W (+24),1,35:33,15,22,.682,9,14,.643,3,3,1.000,0,1,1,8,1,0,1,3,42,37.3,+26
78,76,2017-04-04,29-021,GSW,,MIN,W (+14),1,29:53,7,18,.389,3,8,.375,2,4,.500,0,3,3,9,3,2,3,2,19,16.2,+13
79,77,2017-04-05,29-022,GSW,@,PHO,W (+9),1,35:11,15,25,.600,8,12,.667,4,7,.571,0,4,4,11,2,2,3,0,42,38.6,+25
80,,2017-04-08,29-025,GSW,,NOP,W (+22),Did Not Dress,Did Not Dress,Did Not Dress,Did Not Dress,Did Not Dress,Did Not Dress,Did Not Dress,Did Not Dress,Did Not Dress,Did Not Dress,Did Not Dress,Did Not Dress,Did Not Dress,Did Not Dress,Did Not Dress,Did Not Dress,Did Not Dress,Did Not Dress,Did Not Dress,Did Not Dress,Did Not Dress,Did Not Dress
81,78,2017-04-10,29-027,GSW,,UTA,L (-6),1,29:57,9,16,.563,6,8,.750,4,5,.800,1,3,4,4,1,0,1,1,28,24.0,+9
82,79,2017-04-12,29-029,GSW,,LAL,W (+15),1,28:27,6,17,.353,5,14,.357,3,4,.750,0,5,5,8,2,0,6,1,20,12.8,+27
83,1,2017-04-16,29-033,GSW,,POR,W (+12),1,35:45,9,19,.474,3,8,.375,8,8,1.000,1,4,5,4,1,1,5,5,29,18.7,+5
84,2,2017-04-19,29-036,GSW,,POR,W (+29),1,30:49,6,18,.333,4,12,.333,3,5,.600,0,5,5,6,4,1,4,1,19,14.0,+32
85,3,2017-04-22,29-039,GSW,@,POR,W (+6),1,38:42,10,25,.400,5,14,.357,9,10,.900,1,3,4,8,2,1,1,1,34,28.6,+13
86,4,2017-04-24,29-041,GSW,@,POR,W (+25),1,29:43,12,20,.600,7,11,.636,6,7,.857,2,5,7,8,1,0,4,0,37,32.9,+29
87,5,2017-05-02,29-049,GSW,,UTA,W (+12),1,29:59,7,11,.636,1,4,.250,7,7,1.000,1,6,7,5,1,0,4,1,22,19.7,+5
88,6,2017-05-04,29-051,GSW,,UTA,W (+11),1,38:10,8,15,.533,5,8,.625,2,2,1.000,1,3,4,6,2,0,3,3,23,19.3,+14
89,7,2017-05-06,29-053,GSW,@,UTA,W (+11),1,36:30,6,20,.300,3,11,.273,8,9,.889,0,5,5,4,0,0,0,2,23,14.5,+17
90,8,2017-05-08,29-055,GSW,@,UTA,W (+26),1,35:21,9,15,.600,4,10,.400,8,8,1.000,1,4,5,7,0,1,2,2,30,27.8,+33
91,9,2017-05-14,29-061,GSW,,SAS,W (+2),1,39:11,14,26,.538,7,16,.438,5,7,.714,2,5,7,3,3,0,3,0,40,31.6,+8
92,10,2017-05-16,29-063,GSW,,SAS,W (+36),1,30:33,8,13,.615,6,9,.667,7,7,1.000,1,6,7,7,3,0,2,3,29,30.3,+24
93,11,2017-05-20,29-067,GSW,@,SAS,W (+12),1,33:30,8,15,.533,3,7,.429,2,2,1.000,1,4,5,3,6,0,5,3,21,17.5,+20
94,12,2017-05-22,29-069,GSW,@,SAS,W (+14),1,33:54,14,24,.583,5,13,.385,3,3,1.000,0,5,5,6,0,0,6,2,36,23.7,+15
95,13,2017-06-01,29-079,GSW,,CLE,W (+22),1,34:29,11,22,.500,6,11,.545,0,0,,1,5,6,10,3,0,2,3,28,26.0,+20
96,14,2017-06-04,29-082,GSW,,CLE,W (+19),1,36:15,7,17,.412,4,11,.364,14,14,1.000,2,8,10,11,1,0,8,3,32,26.2,+21
97,15,2017-06-07,29-085,GSW,@,CLE,W (+5),1,39:22,8,19,.421,5,9,.556,5,5,1.000,5,8,13,6,2,0,1,3,26,25.8,+11
98,16,2017-06-09,29-087,GSW,@,CLE,L (-21),1,37:45,4,13,.308,2,9,.222,4,5,.800,1,4,5,10,2,0,4,2,14,12.2,-25
99,17,2017-06-12,29-090,GSW,,CLE,W (+9),1,40:48,10,20,.500,2,9,.222,12,15,.800,2,4,6,10,3,0,4,3,34,30.2,+3
1,1,2017-10-17,29-217,GSW,,HOU,L (-1),1,29:33,8,18,.444,3,9,.333,3,3,1.000,0,5,5,4,1,0,2,4,22,14.3,+9
2,2,2017-10-20,29-220,GSW,@,NOP,W (+8),1,35:07,7,16,.438,4,11,.364,10,10,1.000,0,3,3,8,0,0,1,1,28,24.7,+7
3,3,2017-10-21,29-221,GSW,@,MEM,L (-10),1,30:05,9,17,.529,6,11,.545,13,13,1.000,0,6,6,3,0,0,2,5,37,28.6,-6
4,4,2017-10-23,29-223,GSW,@,DAL,W (+30),1,31:09,7,15,.467,2,10,.200,13,13,1.000,2,0,2,8,4,0,6,1,29,25.9,+22
5,5,2017-10-25,29-225,GSW,,TOR,W (+5),1,37:31,9,20,.450,4,11,.364,8,8,1.000,0,4,4,5,3,1,2,2,30,25.2,+14
6,6,2017-10-27,29-227,GSW,,WAS,W (+3),1,36:12,7,19,.368,3,13,.231,3,3,1.000,0,5,5,8,2,0,2,2,20,15.8,-8
7,7,2017-10-29,29-229,GSW,,DET,L (-8),1,35:26,11,17,.647,3,7,.429,2,3,.667,1,5,6,8,1,0,5,3,27,21.7,+12
8,8,2017-10-30,29-230,GSW,@,LAC,W (+28),1,29:54,9,14,.643,7,11,.636,6,8,.750,2,3,5,6,2,1,1,3,31,31.0,+23
9,9,2017-11-02,29-233,GSW,@,SAS,W (+20),1,31:51,7,13,.538,3,4,.750,4,4,1.000,1,7,8,5,3,0,2,2,21,21.2,+16
10,10,2017-11-04,29-235,GSW,@,DEN,W (+19),1,29:38,7,14,.500,5,10,.500,3,4,.750,0,0,0,11,2,0,3,0,22,21.3,+44
11,11,2017-11-06,29-237,GSW,,MIA,W (+17),1,33:53,5,19,.263,2,9,.222,4,5,.800,0,5,5,4,2,0,1,3,16,8.4,+25
12,12,2017-11-08,29-239,GSW,,MIN,W (+24),1,29:48,7,16,.438,2,7,.286,6,6,1.000,0,8,8,8,2,1,5,2,22,18.5,+16
13,13,2017-11-11,29-242,GSW,,PHI,W (+21),1,29:54,5,12,.417,3,8,.375,9,9,1.000,0,4,4,9,1,0,2,0,22,22.1,+29
14,,2017-11-13,29-244,GSW,,ORL,W (+10),Inactive,Inactive,Inactive,Inactive,Inactive,Inactive,Inactive,Inactive,Inactive,Inactive,Inactive,Inactive,Inactive,Inactive,Inactive,Inactive,Inactive,Inactive,Inactive,Inactive,Inactive,Inactive
15,14,2017-11-16,29-247,GSW,@,BOS,L (-4),1,31:04,3,14,.214,2,9,.222,1,2,.500,2,4,6,5,4,0,4,5,9,4.1,-14
16,15,2017-11-18,29-249,GSW,@,PHI,W (+8),1,34:39,11,22,.500,4,9,.444,9,9,1.000,0,5,5,5,0,1,2,1,35,27.3,+3
17,16,2017-11-19,29-250,GSW,@,BRK,W (+7),1,32:39,14,24,.583,4,10,.400,7,8,.875,3,8,11,7,3,0,7,6,39,30.4,+4
18,17,2017-11-22,29-253,GSW,@,OKC,L (-17),1,30:49,9,18,.500,3,8,.375,3,3,1.000,1,4,5,6,1,0,6,1,24,15.7,-17
19,18,2017-11-24,29-255,GSW,,CHI,W (+49),1,26:51,10,18,.556,4,11,.364,9,9,1.000,0,7,7,4,2,0,2,2,33,28.5,+39
20,19,2017-11-25,29-256,GSW,,NOP,W (+15),1,36:28,9,25,.360,3,13,.231,6,6,1.000,0,4,4,6,1,0,1,2,27,17.7,+5
21,,2017-11-27,29-258,GSW,,SAC,L (-4),Inactive,Inactive,Inactive,Inactive,Inactive,Inactive,Inactive,Inactive,Inactive,Inactive,Inactive,Inactive,Inactive,Inactive,Inactive,Inactive,Inactive,Inactive,Inactive,Inactive,Inactive,Inactive
22,20,2017-11-29,29-260,GSW,@,LAL,W (+4),1,39:24,9,20,.450,3,9,.333,7,8,.875,0,5,5,7,0,0,5,4,28,17.0,+4
23,21,2017-12-01,29-262,GSW,@,ORL,W (+21),1,33:03,9,20,.450,3,8,.375,2,2,1.000,1,5,6,10,3,0,4,2,23,20.0,+19
24,22,2017-12-03,29-264,GSW,@,MIA,W (+28),1,30:19,11,16,.688,5,9,.556,3,4,.750,0,2,2,3,2,0,0,1,30,27.1,+20
25,23,2017-12-04,29-265,GSW,@,NOP,W (+10),1,34:27,9,19,.474,5,11,.455,8,9,.889,2,3,5,11,1,0,2,5,31,27.9,-1
26,,2017-12-06,29-267,GSW,@,CHO,W (+14),Inactive,Inactive,Inactive,Inactive,Inactive,Inactive,Inactive,Inactive,Inactive,Inactive,Inactive,Inactive,Inactive,Inactive,Inactive,Inactive,Inactive,Inactive,Inactive,Inactive,Inactive,Inactive
27,,2017-12-08,29-269,GSW,@,DET,W (+4),Inactive,Inactive,Inactive,Inactive,Inactive,Inactive,Inactive,Inactive,Inactive,Inactive,Inactive,Inactive,Inactive,Inactive,Inactive,Inactive,Inactive,Inactive,Inactive,Inactive,Inactive,Inactive
28,,2017-12-11,29-272,GSW,,POR,W (+7),Inactive,Inactive,Inactive,Inactive,Inactive,Inactive,Inactive,Inactive,Inactive,Inactive,Inactive,Inactive,Inactive,Inactive,Inactive,Inactive,Inactive,Inactive,Inactive,Inactive,Inactive,Inactive
29,,2017-12-14,29-275,GSW,,DAL,W (+15),Inactive,Inactive,Inactive,Inactive,Inactive,Inactive,Inactive,Inactive,Inactive,Inactive,Inactive,Inactive,Inactive,Inactive,Inactive,Inactive,Inactive,Inactive,Inactive,Inactive,Inactive,Inactive
30,,2017-12-18,29-279,GSW,@,LAL,W (+2),Inactive,Inactive,Inactive,Inactive,Inactive,Inactive,Inactive,Inactive,Inactive,Inactive,Inactive,Inactive,Inactive,Inactive,Inactive,Inactive,Inactive,Inactive,Inactive,Inactive,Inactive,Inactive
31,,2017-12-20,29-281,GSW,,MEM,W (+13),Inactive,Inactive,Inactive,Inactive,Inactive,Inactive,Inactive,Inactive,Inactive,Inactive,Inactive,Inactive,Inactive,Inactive,Inactive,Inactive,Inactive,Inactive,Inactive,Inactive,Inactive,Inactive
32,,2017-12-22,29-283,GSW,,LAL,W (+7),Inactive,Inactive,Inactive,Inactive,Inactive,Inactive,Inactive,Inactive,Inactive,Inactive,Inactive,Inactive,Inactive,Inactive,Inactive,Inactive,Inactive,Inactive,Inactive,Inactive,Inactive,Inactive
33,,2017-12-23,29-284,GSW,,DEN,L (-15),Inactive,Inactive,Inactive,Inactive,Inactive,Inactive,Inactive,Inactive,Inactive,Inactive,Inactive,Inactive,Inactive,Inactive,Inactive,Inactive,Inactive,Inactive,Inactive,Inactive,Inactive,Inactive
34,,2017-12-25,29-286,GSW,,CLE,W (+7),Inactive,Inactive,Inactive,Inactive,Inactive,Inactive,Inactive,Inactive,Inactive,Inactive,Inactive,Inactive,Inactive,Inactive,Inactive,Inactive,Inactive,Inactive,Inactive,Inactive,Inactive,Inactive
35,,2017-12-27,29-288,GSW,,UTA,W (+25),Inactive,Inactive,Inactive,Inactive,Inactive,Inactive,Inactive,Inactive,Inactive,Inactive,Inactive,Inactive,Inactive,Inactive,Inactive,Inactive,Inactive,Inactive,Inactive,Inactive,Inactive,Inactive
36,,2017-12-29,29-290,GSW,,CHO,L (-11),Inactive,Inactive,Inactive,Inactive,Inactive,Inactive,Inactive,Inactive,Inactive,Inactive,Inactive,Inactive,Inactive,Inactive,Inactive,Inactive,Inactive,Inactive,Inactive,Inactive,Inactive,Inactive
37,24,2017-12-30,29-291,GSW,,MEM,W (+13),1,25:36,13,17,.765,10,13,.769,2,2,1.000,0,4,4,3,0,0,0,2,38,33.8,+24
38,25,2018-01-03,29-295,GSW,@,DAL,W (+3),1,34:29,11,19,.579,6,13,.462,4,5,.800,0,5,5,8,1,0,3,1,32,27.4,+7
39,26,2018-01-04,29-296,GSW,@,HOU,W (+10),1,36:51,10,20,.500,4,10,.400,5,6,.833,0,9,9,5,1,0,3,3,29,21.6,+3
40,27,2018-01-06,29-298,GSW,@,LAC,W (+16),1,29:51,11,21,.524,8,16,.500,15,16,.938,2,4,6,3,3,0,2,2,45,39.2,+28
41,28,2018-01-08,29-300,GSW,,DEN,W (+10),1,34:50,9,17,.529,5,10,.500,9,10,.900,1,3,4,9,2,0,6,3,32,26.0,+3
42,,2018-01-10,29-302,GSW,,LAC,L (-19),Inactive,Inactive,Inactive,Inactive,Inactive,Inactive,Inactive,Inactive,Inactive,Inactive,Inactive,Inactive,Inactive,Inactive,Inactive,Inactive,Inactive,Inactive,Inactive,Inactive,Inactive,Inactive
43,,2018-01-12,29-304,GSW,@,MIL,W (+14),Inactive,Inactive,Inactive,Inactive,Inactive,Inactive,Inactive,Inactive,Inactive,Inactive,Inactive,Inactive,Inactive,Inactive,Inactive,Inactive,Inactive,Inactive,Inactive,Inactive,Inactive,Inactive
44,29,2018-01-13,29-305,GSW,@,TOR,W (+2),1,34:28,6,12,.500,2,7,.286,10,12,.833,0,6,6,9,1,0,1,3,24,24.1,-5
45,30,2018-01-15,29-307,GSW,@,CLE,W (+10),1,33:24,8,15,.533,4,8,.500,3,4,.750,1,3,4,8,2,0,3,3,23,20.3,+13
46,31,2018-01-17,29-309,GSW,@,CHI,W (+7),1,34:55,10,18,.556,6,11,.545,4,4,1.000,0,9,9,4,1,0,6,2,30,21.1,+21
47,32,2018-01-20,29-312,GSW,@,HOU,L (-8),1,36:11,6,20,.300,5,15,.333,2,4,.500,0,1,1,8,2,0,6,2,19,7.7,-11
48,33,2018-01-23,29-315,GSW,,NYK,W (+11),1,33:16,9,19,.474,8,15,.533,6,6,1.000,0,6,6,7,0,0,1,2,32,27.2,+4
49,34,2018-01-25,29-317,GSW,,MIN,W (+13),1,37:26,9,14,.643,5,9,.556,2,3,.667,2,3,5,9,3,0,2,2,25,27.2,+20
50,35,2018-01-27,29-319,GSW,,BOS,W (+4),1,36:48,16,24,.667,8,13,.615,9,10,.900,0,4,4,5,2,0,1,2,49,43.1,+6
51,36,2018-01-30,29-322,GSW,@,UTA,L (-30),1,29:38,4,13,.308,1,7,.143,5,5,1.000,1,1,2,5,0,0,3,1,14,7.6,-17
52,37,2018-02-02,29-325,GSW,@,SAC,W (+15),1,35:35,7,17,.412,3,10,.300,6,6,1.000,1,4,5,6,2,0,6,3,23,14.8,+14
53,38,2018-02-03,29-326,GSW,@,DEN,L (-7),1,35:37,8,16,.500,5,12,.417,3,4,.750,1,5,6,4,2,0,5,2,24,16.8,+4
54,39,2018-02-06,29-329,GSW,,OKC,L (-20),1,31:49,6,14,.429,2,9,.222,7,7,1.000,1,4,5,5,1,1,3,3,21,16.5,-13
55,40,2018-02-08,29-331,GSW,,DAL,W (+18),1,29:41,7,12,.583,4,9,.444,2,2,1.000,2,5,7,8,0,0,4,1,20,18.5,+3
56,41,2018-02-10,29-333,GSW,,SAS,W (+17),1,28:52,7,13,.538,3,7,.429,0,0,,1,3,4,8,2,0,2,0,17,17.9,+6
57,42,2018-02-12,29-335,GSW,,PHO,W (+46),1,29:53,8,17,.471,3,9,.333,3,3,1.000,2,7,9,7,0,1,3,3,22,18.2,+21
58,43,2018-02-14,29-337,GSW,@,POR,L (-6),1,34:26,6,17,.353,3,10,.300,2,2,1.000,2,2,4,6,3,0,7,4,17,8.1,-7
59,44,2018-02-22,29-345,GSW,,LAC,W (+7),1,37:08,14,19,.737,8,11,.727,8,8,1.000,1,5,6,10,2,0,4,4,44,41.9,+8
60,45,2018-02-24,29-347,GSW,,OKC,W (+32),1,29:49,8,19,.421,5,12,.417,0,0,,1,8,9,6,3,0,2,2,21,18.4,+24
61,46,2018-02-26,29-349,GSW,@,NYK,W (+14),1,30:17,8,16,.500,4,9,.444,1,1,1.000,0,5,5,5,0,0,3,1,21,14.6,+25
62,47,2018-02-28,29-351,GSW,@,WAS,W (+8),1,35:07,5,15,.333,4,9,.444,11,12,.917,0,5,5,3,2,0,6,3,25,14.5,+20
63,48,2018-03-02,29-353,GSW,@,ATL,W (+5),1,23:29,8,15,.533,4,9,.444,8,8,1.000,0,1,1,3,2,0,0,0,28,25.1,+2
64,49,2018-03-06,29-357,GSW,,BRK,W (+13),1,33:56,12,20,.600,6,12,.500,4,5,.800,1,5,6,4,3,1,3,2,34,29.3,+11
65,50,2018-03-08,29-359,GSW,,SAS,W (+3),1,2:23,0,1,.000,0,0,,2,2,1.000,0,0,0,0,0,0,0,0,2,1.3,-1
66,,2018-03-09,29-360,GSW,@,POR,L (-17),Inactive,Inactive,Inactive,Inactive,Inactive,Inactive,Inactive,Inactive,Inactive,Inactive,Inactive,Inactive,Inactive,Inactive,Inactive,Inactive,Inactive,Inactive,Inactive,Inactive,Inactive,Inactive
67,,2018-03-11,29-362,GSW,@,MIN,L (-6),Inactive,Inactive,Inactive,Inactive,Inactive,Inactive,Inactive,Inactive,Inactive,Inactive,Inactive,Inactive,Inactive,Inactive,Inactive,Inactive,Inactive,Inactive,Inactive,Inactive,Inactive,Inactive
68,,2018-03-14,30-000,GSW,,LAL,W (+11),Inactive,Inactive,Inactive,Inactive,Inactive,Inactive,Inactive,Inactive,Inactive,Inactive,Inactive,Inactive,Inactive,Inactive,Inactive,Inactive,Inactive,Inactive,Inactive,Inactive,Inactive,Inactive
69,,2018-03-16,30-002,GSW,,SAC,L (-5),Inactive,Inactive,Inactive,Inactive,Inactive,Inactive,Inactive,Inactive,Inactive,Inactive,Inactive,Inactive,Inactive,Inactive,Inactive,Inactive,Inactive,Inactive,Inactive,Inactive,Inactive,Inactive
70,,2018-03-17,30-003,GSW,@,PHO,W (+15),Inactive,Inactive,Inactive,Inactive,Inactive,Inactive,Inactive,Inactive,Inactive,Inactive,Inactive,Inactive,Inactive,Inactive,Inactive,Inactive,Inactive,Inactive,Inactive,Inactive,Inactive,Inactive
71,,2018-03-19,30-005,GSW,@,SAS,L (-14),Inactive,Inactive,Inactive,Inactive,Inactive,Inactive,Inactive,Inactive,Inactive,Inactive,Inactive,Inactive,Inactive,Inactive,Inactive,Inactive,Inactive,Inactive,Inactive,Inactive,Inactive,Inactive
72,51,2018-03-23,30-009,GSW,,ATL,W (+12),1,25:22,10,18,.556,3,8,.375,6,6,1.000,1,6,7,1,0,1,1,1,29,22.9,+9
73,,2018-03-25,30-011,GSW,,UTA,L (-19),Inactive,Inactive,Inactive,Inactive,Inactive,Inactive,Inactive,Inactive,Inactive,Inactive,Inactive,Inactive,Inactive,Inactive,Inactive,Inactive,Inactive,Inactive,Inactive,Inactive,Inactive,Inactive
74,,2018-03-27,30-013,GSW,,IND,L (-11),Inactive,Inactive,Inactive,Inactive,Inactive,Inactive,Inactive,Inactive,Inactive,Inactive,Inactive,Inactive,Inactive,Inactive,Inactive,Inactive,Inactive,Inactive,Inactive,Inactive,Inactive,Inactive
75,,2018-03-29,30-015,GSW,,MIL,L (-9),Inactive,Inactive,Inactive,Inactive,Inactive,Inactive,Inactive,Inactive,Inactive,Inactive,Inactive,Inactive,Inactive,Inactive,Inactive,Inactive,Inactive,Inactive,Inactive,Inactive,Inactive,Inactive
76,,2018-03-31,30-017,GSW,@,SAC,W (+16),Inactive,Inactive,Inactive,Inactive,Inactive,Inactive,Inactive,Inactive,Inactive,Inactive,Inactive,Inactive,Inactive,Inactive,Inactive,Inactive,Inactive,Inactive,Inactive,Inactive,Inactive,Inactive
77,,2018-04-01,30-018,GSW,,PHO,W (+10),Inactive,Inactive,Inactive,Inactive,Inactive,Inactive,Inactive,Inactive,Inactive,Inactive,Inactive,Inactive,Inactive,Inactive,Inactive,Inactive,Inactive,Inactive,Inactive,Inactive,Inactive,Inactive
78,,2018-04-03,30-020,GSW,@,OKC,W (+4),Inactive,Inactive,Inactive,Inactive,Inactive,Inactive,Inactive,Inactive,Inactive,Inactive,Inactive,Inactive,Inactive,Inactive,Inactive,Inactive,Inactive,Inactive,Inactive,Inactive,Inactive,Inactive
79,,2018-04-05,30-022,GSW,@,IND,L (-20),Inactive,Inactive,Inactive,Inactive,Inactive,Inactive,Inactive,Inactive,Inactive,Inactive,Inactive,Inactive,Inactive,Inactive,Inactive,Inactive,Inactive,Inactive,Inactive,Inactive,Inactive,Inactive
80,,2018-04-07,30-024,GSW,,NOP,L (-6),Inactive,Inactive,Inactive,Inactive,Inactive,Inactive,Inactive,Inactive,Inactive,Inactive,Inactive,Inactive,Inactive,Inactive,Inactive,Inactive,Inactive,Inactive,Inactive,Inactive,Inactive,Inactive
81,,2018-04-08,30-025,GSW,@,PHO,W (+17),Inactive,Inactive,Inactive,Inactive,Inactive,Inactive,Inactive,Inactive,Inactive,Inactive,Inactive,Inactive,Inactive,Inactive,Inactive,Inactive,Inactive,Inactive,Inactive,Inactive,Inactive,Inactive
82,,2018-04-10,30-027,GSW,@,UTA,L (-40),Inactive,Inactive,Inactive,Inactive,Inactive,Inactive,Inactive,Inactive,Inactive,Inactive,Inactive,Inactive,Inactive,Inactive,Inactive,Inactive,Inactive,Inactive,Inactive,Inactive,Inactive,Inactive
83,,2018-04-14,30-031,GSW,,SAS,W (+21),Inactive,Inactive,Inactive,Inactive,Inactive,Inactive,Inactive,Inactive,Inactive,Inactive,Inactive,Inactive,Inactive,Inactive,Inactive,Inactive,Inactive,Inactive,Inactive,Inactive,Inactive,Inactive
84,,2018-04-16,30-033,GSW,,SAS,W (+15),Inactive,Inactive,Inactive,Inactive,Inactive,Inactive,Inactive,Inactive,Inactive,Inactive,Inactive,Inactive,Inactive,Inactive,Inactive,Inactive,Inactive,Inactive,Inactive,Inactive,Inactive,Inactive
85,,2018-04-19,30-036,GSW,@,SAS,W (+13),Inactive,Inactive,Inactive,Inactive,Inactive,Inactive,Inactive,Inactive,Inactive,Inactive,Inactive,Inactive,Inactive,Inactive,Inactive,Inactive,Inactive,Inactive,Inactive,Inactive,Inactive,Inactive
86,,2018-04-22,30-039,GSW,@,SAS,L (-13),Inactive,Inactive,Inactive,Inactive,Inactive,Inactive,Inactive,Inactive,Inactive,Inactive,Inactive,Inactive,Inactive,Inactive,Inactive,Inactive,Inactive,Inactive,Inactive,Inactive,Inactive,Inactive
87,,2018-04-24,30-041,GSW,,SAS,W (+8),Inactive,Inactive,Inactive,Inactive,Inactive,Inactive,Inactive,Inactive,Inactive,Inactive,Inactive,Inactive,Inactive,Inactive,Inactive,Inactive,Inactive,Inactive,Inactive,Inactive,Inactive,Inactive
88,,2018-04-28,30-045,GSW,,NOP,W (+22),Inactive,Inactive,Inactive,Inactive,Inactive,Inactive,Inactive,Inactive,Inactive,Inactive,Inactive,Inactive,Inactive,Inactive,Inactive,Inactive,Inactive,Inactive,Inactive,Inactive,Inactive,Inactive
89,52,2018-05-01,30-048,GSW,,NOP,W (+5),0,27:14,8,15,.533,5,10,.500,7,7,1.000,0,7,7,2,3,0,6,2,28,20.4,+26
90,53,2018-05-04,30-051,GSW,@,NOP,L (-19),1,28:33,6,19,.316,3,9,.333,4,4,1.000,2,4,6,2,4,2,3,1,19,14.1,-12
92,54,2018-05-06,30-053,GSW,@,NOP,W (+26),1,31:53,8,17,.471,4,9,.444,3,3,1.000,0,1,1,2,0,0,2,1,23,13.6,+21
93,55,2018-05-08,30-055,GSW,,NOP,W (+9),1,37:02,10,16,.625,3,6,.500,5,5,1.000,0,7,7,8,1,0,4,2,28,24.7,+9
94,56,2018-05-14,30-061,GSW,@,HOU,W (+13),1,35:10,8,15,.533,1,5,.200,1,2,.500,1,5,6,8,2,1,1,5,18,17.8,+5
95,57,2018-05-16,30-063,GSW,@,HOU,L (-22),1,34:06,7,19,.368,1,8,.125,1,1,1.000,0,7,7,7,0,0,2,3,16,9.3,-20
96,58,2018-05-20,30-067,GSW,,HOU,W (+41),1,34:21,13,23,.565,5,12,.417,4,4,1.000,2,4,6,1,0,1,1,2,35,26.3,+24
97,59,2018-05-22,30-069,GSW,,HOU,L (-3),1,38:33,10,26,.385,6,13,.462,2,2,1.000,0,6,6,2,2,0,3,3,28,14.8,+10
98,60,2018-05-24,30-071,GSW,@,HOU,L (-4),1,41:23,8,17,.471,2,8,.250,4,5,.800,1,6,7,6,4,0,3,2,22,19.8,-9
99,61,2018-05-26,30-073,GSW,,HOU,W (+29),1,39:56,12,23,.522,5,14,.357,0,0,,0,5,5,6,0,3,2,2,29,22.7,+33
100,62,2018-05-28,30-075,GSW,@,HOU,W (+9),1,44:23,10,22,.455,7,15,.467,0,0,,0,9,9,10,4,1,5,4,27,23.4,+13
101,63,2018-05-31,30-078,GSW,,CLE,W (+10),1,46:26,11,23,.478,5,11,.455,2,2,1.000,0,6,6,9,1,0,2,1,29,24.0,+10
102,64,2018-06-03,30-081,GSW,,CLE,W (+19),1,37:53,11,26,.423,9,17,.529,2,2,1.000,1,6,7,8,1,0,5,3,33,22.1,+19
103,65,2018-06-06,30-084,GSW,@,CLE,W (+8),1,39:15,3,16,.188,1,10,.100,4,4,1.000,0,5,5,6,1,0,2,3,11,4.5,0
104,66,2018-06-08,30-086,GSW,@,CLE,W (+23),1,38:44,12,27,.444,7,15,.467,6,6,1.000,2,4,6,4,3,3,2,4,37,29.8,+18
